{
    "status": 0,
    "msg": "ok",
    "data": {
        "date": "2017-11-17T08:47:54.800Z",
        "additional": "来自服务端的数据.",
        "count": 57,
        "rows": [
            {
                "id": 57,
                "engine": "Other browsers",
                "browser": "All others",
                "platform": "-",
                "version": "-",
                "grade": "U",
                "progress": 50,
                "status": true,
                "image":
                "http://hiphotos.baidu.com/fex/%70%69%63/item/0d338744ebf81a4cff2f4cd6de2a6059252da694.jpg",
                "weight": 56,
                "others": null,
                "createdAt": "2017-11-17T08:47:50.000Z",
                "updatedAt": "2017-11-17T08:47:50.000Z"
            },
            {
                "id": 56,
                "engine": "Misc",
                "browser": "PSP browser",
                "platform": "PSP",
                "version": "-",
                "grade": "C",
                "progress": 50,
                "status": true,
                "image":
                "http://hiphotos.baidu.com/fex/%70%69%63/item/0d338744ebf81a4cff2f4cd6de2a6059252da694.jpg",
                "weight": 55,
                "others": null,
                "createdAt": "2017-11-17T08:47:50.000Z",
                "updatedAt": "2017-11-17T08:47:50.000Z"
            },
            {
                "id": 55,
                "engine": "Misc",
                "browser": "IE Mobile",
                "platform": "Windows Mobile 6",
                "version": "-",
                "grade": "C",
                "progress": 50,
                "status": true,
                "image":
                "http://hiphotos.baidu.com/fex/%70%69%63/item/0d338744ebf81a4cff2f4cd6de2a6059252da694.jpg",
                "weight": 54,
                "others": null,
                "createdAt": "2017-11-17T08:47:50.000Z",
                "updatedAt": "2017-11-17T08:47:50.000Z"
            },
            {
                "id": 54,
                "engine": "Misc",
                "browser": "Lynx",
                "platform": "Text only",
                "version": "-",
                "grade": "X",
                "progress": 50,
                "status": true,
                "image":
                "http://hiphotos.baidu.com/fex/%70%69%63/item/0d338744ebf81a4cff2f4cd6de2a6059252da694.jpg",
                "weight": 53,
                "others": null,
                "createdAt": "2017-11-17T08:47:50.000Z",
                "updatedAt": "2017-11-17T08:47:50.000Z"
            },
            {
                "id": 53,
                "engine": "Misc",
                "browser": "Links",
                "platform": "Text only",
                "version": "-",
                "grade": "X",
                "progress": 50,
                "status": true,
                "image":
                "http://hiphotos.baidu.com/fex/%70%69%63/item/0d338744ebf81a4cff2f4cd6de2a6059252da694.jpg",
                "weight": 52,
                "others": null,
                "createdAt": "2017-11-17T08:47:50.000Z",
                "updatedAt": "2017-11-17T08:47:50.000Z"
            },
            {
                "id": 52,
                "engine": "Misc",
                "browser": "Dillo 0.8",
                "platform": "Embedded devices",
                "version": "-",
                "grade": "X",
                "progress": 50,
                "status": true,
                "image":
                "http://hiphotos.baidu.com/fex/%70%69%63/item/0d338744ebf81a4cff2f4cd6de2a6059252da694.jpg",
                "weight": 51,
                "others": null,
                "createdAt": "2017-11-17T08:47:50.000Z",
                "updatedAt": "2017-11-17T08:47:50.000Z"
            },
            {
                "id": 51,
                "engine": "Misc",
                "browser": "NetFront 3.4",
                "platform": "Embedded devices",
                "version": "-",
                "grade": "A",
                "progress": 50,
                "status": true,
                "image":
                "http://hiphotos.baidu.com/fex/%70%69%63/item/0d338744ebf81a4cff2f4cd6de2a6059252da694.jpg",
                "weight": 50,
                "others": null,
                "createdAt": "2017-11-17T08:47:50.000Z",
                "updatedAt": "2017-11-17T08:47:50.000Z"
            },
            {
                "id": 50,
                "engine": "Misc",
                "browser": "NetFront 3.1",
                "platform": "Embedded devices",
                "version": "-",
                "grade": "C",
                "progress": 50,
                "status": true,
                "image":
                "http://hiphotos.baidu.com/fex/%70%69%63/item/0d338744ebf81a4cff2f4cd6de2a6059252da694.jpg",
                "weight": 49,
                "others": null,
                "createdAt": "2017-11-17T08:47:50.000Z",
                "updatedAt": "2017-11-17T08:47:50.000Z"
            },
            {
                "id": 49,
                "engine": "Tasman",
                "browser": "Internet Explorer 5.2",
                "platform": "Mac OS 8-X",
                "version": "1",
                "grade": "C",
                "progress": 50,
                "status": true,
                "image":
                "http://hiphotos.baidu.com/fex/%70%69%63/item/0d338744ebf81a4cff2f4cd6de2a6059252da694.jpg",
                "weight": 48,
                "others": null,
                "createdAt": "2017-11-17T08:47:50.000Z",
                "updatedAt": "2017-11-17T08:47:50.000Z"
            },
            {
                "id": 48,
                "engine": "Tasman",
                "browser": "Internet Explorer 5.1",
                "platform": "Mac OS 7.6-9",
                "version": "1",
                "grade": "C",
                "progress": 50,
                "status": true,
                "image":
                "http://hiphotos.baidu.com/fex/%70%69%63/item/0d338744ebf81a4cff2f4cd6de2a6059252da694.jpg",
                "weight": 47,
                "others": null,
                "createdAt": "2017-11-17T08:47:50.000Z",
                "updatedAt": "2017-11-17T08:47:50.000Z"
            }
        ]
    }
}
